<TrackList>
	<Entry>
		<Id>3</Id>
		<Uri>http://192.168.1.205:26125/content/c2/b16/f44100/d86536-co19.mp3
		</Uri>
		<Metadata>&#60;DIDL-Lite
			xmlns="urn:schemas-upnp-org:metadata-1-0/DIDL-Lite/"&#62;&#60;item
			id="d86536-co19" parentID="co19" restricted="0"&#62;&#60;dc:title
			xmlns:dc="http://purl.org/dc/elements/1.1/"&#62;Jerk it
			Out&#60;/dc:title&#62;&#60;dc:creator
			xmlns:dc="http://purl.org/dc/elements/1.1/"&#62;Various
			Artists&#60;/dc:creator&#62;&#60;dc:date
			xmlns:dc="http://purl.org/dc/elements/1.1/"&#62;2009-01-01&#60;/dc:date&#62;&#60;upnp:artist
			role="AlbumArtist"
			xmlns:upnp="urn:schemas-upnp-org:metadata-1-0/upnp/"&#62;Various
			Artists&#60;/upnp:artist&#62;&#60;upnp:artist role="Performer"
			xmlns:upnp="urn:schemas-upnp-org:metadata-1-0/upnp/"&#62;The
			Caesars&#60;/upnp:artist&#62;&#60;upnp:album
			xmlns:upnp="urn:schemas-upnp-org:metadata-1-0/upnp/"&#62;101 Indie
			Classics&#60;/upnp:album&#62;&#60;upnp:genre
			xmlns:upnp="urn:schemas-upnp-org:metadata-1-0/upnp/"&#62;Indie&#60;/upnp:genre&#62;&#60;upnp:albumArtURI
			dlna:profileID="JPEG_TN"
			xmlns:dlna="urn:schemas-dlna-org:metadata-1-0/"
			xmlns:upnp="urn:schemas-upnp-org:metadata-1-0/upnp/"&#62;http://192.168.1.205:26125/aa/83552/195144041/cover.jpg?size=0&#60;/upnp:albumArtURI&#62;&#60;upnp:originalTrackNumber
			xmlns:upnp="urn:schemas-upnp-org:metadata-1-0/upnp/"&#62;6&#60;/upnp:originalTrackNumber&#62;&#60;upnp:originalDiscNumber
			xmlns:upnp="urn:schemas-upnp-org:metadata-1-0/upnp/"&#62;2&#60;/upnp:originalDiscNumber&#62;&#60;upnp:originalDiscCount
			xmlns:upnp="urn:schemas-upnp-org:metadata-1-0/upnp/"&#62;5&#60;/upnp:originalDiscCount&#62;&#60;res
			duration="0:03:15.000" size="4962304" bitrate="25364"
			bitsPerSample="16" sampleFrequency="44100" nrAudioChannels="2"
			protocolInfo="http-get:*:audio/mpeg:DLNA.ORG_PN=MP3;DLNA.ORG_OP=01"&#62;http://192.168.1.205:26125/content/c2/b16/f44100/d86536-co19.mp3&#60;/res&#62;&#60;res
			duration="0:03:15.000" size="34510940" bitrate="176400"
			bitsPerSample="16" sampleFrequency="44100" nrAudioChannels="2"
			protocolInfo="http-get:*:audio/wav:DLNA.ORG_PN=WAV;DLNA.ORG_OP=01"&#62;http://192.168.1.205:26125/content/c2/b16/f44100/d86536-co19.forced.wav&#60;/res&#62;&#60;res
			duration="0:03:15.000" size="34510896" bitrate="176400"
			bitsPerSample="16" sampleFrequency="44100" nrAudioChannels="2"
			protocolInfo="http-get:*:audio/L16:DLNA.ORG_PN=LPCM;DLNA.ORG_OP=01;DLNA.ORG_CI=1"&#62;http://192.168.1.205:26125/content/c2/b16/f44100/d86536-co19.forced.l16&#60;/res&#62;&#60;res
			duration="0:03:15.000" size="4962304" bitrate="25364"
			bitsPerSample="16" sampleFrequency="44100" nrAudioChannels="2"
			protocolInfo="http-get:*:audio/mpeg:DLNA.ORG_PN=MP3;DLNA.ORG_OP=01"&#62;http://192.168.1.205:26125/content/c2/b16/f44100/d86536-co19.mp3&#60;/res&#62;&#60;upnp:class
			xmlns:upnp="urn:schemas-upnp-org:metadata-1-0/upnp/"&#62;object.item.audioItem.musicTrack&#60;/upnp:class&#62;&#60;/item&#62;&#60;/DIDL-Lite&#62;
		</Metadata>
	</Entry>
</TrackList>