{
    "head": {
        "title": "Favorites",
        "status": "200"
    },
    "body": [
        {
            "element": "outline",
            "text": "Shows (2)",
            "key": "shows",
            "children": [

            ]
        },
        {
            "element": "outline",
            "text": "Stations (33)",
            "key": "stations",
            "children": [
                {
                    "element": "outline",
                    "type": "audio",
                    "text": "96.2 | The Revolution (Rock)",
                    "URL": "http://opml.radiotime.com/Tune.ashx?id=s45508",                   
                    "image": "http://d1i6vahw24eb07.cloudfront.net/s45508q.png",
                    "item": "station",
                    "preset_id": "s45508",
                    "icy_reverse": true
                }
            ]
        }
    ]
}