{
    "head": {
        "title": "Favorites",
        "status": "200"
    },
    "body": [
        {
            "element": "outline",
            "text": "Shows (2)",
            "key": "shows",
            "children": [

            ]
        },
        {
            "element": "outline",
            "text": "Stations (33)",
            "key": "stations",
            "children": [
                {
                    "element": "outline",
                    "type": "audio",
                    "text": "96.2 | The Revolution (Rock)",
                    "URL": "http://opml.radiotime.com/Tune.ashx?id=s45508&partnerId=yvcOjvJP&username=petehoyle",                   
                    "image": "http://d1i6vahw24eb07.cloudfront.net/s45508q.png",
                    "item": "station",
                    "preset_id": "s45508",
                    "icy_reverse": true

                },
                {
                    "element": "outline",
                    "type": "audio",
                    "text": "1197 | Absolute Radio (Adult Contemporary)",
                    "URL": "http://opml.radiotime.com/Tune.ashx?id=s46593&partnerId=yvcOjvJP&username=petehoyle",                  
                    "image": "http://d1i6vahw24eb07.cloudfront.net/s16679q.png",
                    "item": "station",
                    "preset_id": "s46593"
                },
                {
                    "element": "outline",
                    "type": "audio",
                    "text": "102.0 | Capital Manchester (Top 40/Pop)",
                    "URL": "http://opml.radiotime.com/Tune.ashx?id=s18587&partnerId=yvcOjvJP&username=petehoyle",                    
                    "image": "http://d1i6vahw24eb07.cloudfront.net/s18587q.png",
                    "item": "station",
                    "preset_id": "s18587"
                },
                {
                    "element": "outline",
                    "type": "audio",
                    "text": "97.7 | XFM Manchester (Alternative Rock)",
                    "URL": "http://opml.radiotime.com/Tune.ashx?id=s81256&partnerId=yvcOjvJP&username=petehoyle",              
                    "item": "station",
                    "image": "http://d1i6vahw24eb07.cloudfront.net/s81256q.png",
                    "preset_id": "s81256"

                },
                {
                    "element": "outline",
                    "type": "audio",
                    "text": "1152 | Magic 1152 (Manchester) (Classic Hits)",
                    "URL": "http://opml.radiotime.com/Tune.ashx?id=s86683&partnerId=yvcOjvJP&username=petehoyle",
                    "bitrate": "48",
                    "reliability": "91",
                    "guide_id": "s86683",
                    "subtext": "XTC - Sgt. Rock",
                    "genre_id": "g2755",
                    "formats": "mp3",
                    "playing": "XTC - Sgt. Rock",
                    "playing_image": "http://d3tybumvrk5xfv.cloudfront.net/gn/4QNTZKZTP5d.jpg",
                    "show_id": "p230050",
                    "item": "station",
                    "image": "http://d1i6vahw24eb07.cloudfront.net/s45639q.png",
                    "current_track": "80s Magic with Dave Campbell",
                    "now_playing_id": "s86683",
                    "preset_number": "5",
                    "preset_id": "s86683",
                    "is_preset": "true"
                },
                {
                    "element": "outline",
                    "type": "audio",
                    "text": "Linn Radio (Variety)",
                    "URL": "http://opml.radiotime.com/Tune.ashx?id=s122119&partnerId=yvcOjvJP&username=petehoyle",
                    "bitrate": "320",
                    "reliability": "94",
                    "guide_id": "s122119",
                    "subtext": "Tune in to High Quality Music",
                    "genre_id": "g88",
                    "formats": "mp3",
                    "item": "station",
                    "image": "http://d1i6vahw24eb07.cloudfront.net/s122119q.png",
                    "now_playing_id": "s122119",
                    "preset_number": "6",
                    "preset_id": "s122119",
                    "is_preset": "true"
                },
                {
                    "element": "outline",
                    "type": "audio",
                    "text": "Linn Classical (Classical)",
                    "URL": "http://opml.radiotime.com/Tune.ashx?id=s122116&partnerId=yvcOjvJP&username=petehoyle",
                    "bitrate": "320",
                    "reliability": "95",
                    "guide_id": "s122116",
                    "subtext": "Tune in to High Quality Music",
                    "genre_id": "g5",
                    "formats": "mp3",
                    "item": "station",
                    "image": "http://d1i6vahw24eb07.cloudfront.net/s122116q.png",
                    "now_playing_id": "s122116",
                    "preset_number": "7",
                    "preset_id": "s122116",
                    "is_preset": "true"
                },
                {
                    "element": "outline",
                    "type": "audio",
                    "text": "Linn Jazz (Jazz)",
                    "URL": "http://opml.radiotime.com/Tune.ashx?id=s122120&partnerId=yvcOjvJP&username=petehoyle",
                    "bitrate": "320",
                    "reliability": "94",
                    "guide_id": "s122120",
                    "subtext": "Tune in to High Quality Music",
                    "genre_id": "g11",
                    "formats": "mp3",
                    "item": "station",
                    "image": "http://d1i6vahw24eb07.cloudfront.net/s122120q.png",
                    "now_playing_id": "s122120",
                    "preset_number": "8",
                    "preset_id": "s122120",
                    "is_preset": "true"
                },
                {
                    "element": "outline",
                    "type": "audio",
                    "text": "BBC Radio 1Xtra (Soul and R&B)",
                    "URL": "http://opml.radiotime.com/Tune.ashx?id=s20277&partnerId=yvcOjvJP&username=petehoyle",
                    "bitrate": "48",
                    "reliability": "96",
                    "guide_id": "s20277",
                    "subtext": "Target",
                    "genre_id": "g18",
                    "formats": "wma",
                    "show_id": "p180381",
                    "item": "station",
                    "image": "http://d1i6vahw24eb07.cloudfront.net/s20277q.png",
                    "current_track": "Target",
                    "now_playing_id": "s20277",
                    "preset_number": "9",
                    "preset_id": "s20277",
                    "is_preset": "true"
                },
                {
                    "element": "outline",
                    "type": "audio",
                    "text": "98.2 | BBC Radio 1 (Top 40/Pop)",
                    "URL": "http://opml.radiotime.com/Tune.ashx?id=s83464&partnerId=yvcOjvJP&username=petehoyle",
                    "bitrate": "48",
                    "reliability": "96",
                    "guide_id": "s83464",
                    "subtext": "BBC Radio 1's Dance Anthems",
                    "genre_id": "g61",
                    "formats": "wma",
                    "show_id": "p400417",
                    "item": "station",
                    "image": "http://d1i6vahw24eb07.cloudfront.net/s24939q.png",
                    "current_track": "BBC Radio 1's Dance Anthems",
                    "now_playing_id": "s83464",
                    "preset_number": "10",
                    "preset_id": "s83464",
                    "is_preset": "true"
                },
                {
                    "element": "outline",
                    "type": "audio",
                    "text": "88.6 | BBC Radio 2 (Adult Contemporary)",
                    "URL": "http://opml.radiotime.com/Tune.ashx?id=s83463&partnerId=yvcOjvJP&username=petehoyle",
                    "bitrate": "48",
                    "reliability": "96",
                    "guide_id": "s83463",
                    "subtext": "Dermot O'Leary",
                    "genre_id": "g3",
                    "formats": "wma",
                    "show_id": "p116695",
                    "item": "station",
                    "image": "http://d1i6vahw24eb07.cloudfront.net/s24940q.png",
                    "current_track": "Dermot O'Leary",
                    "now_playing_id": "s83463",
                    "preset_number": "11",
                    "preset_id": "s83463",
                    "is_preset": "true"
                },
                {
                    "element": "outline",
                    "type": "audio",
                    "text": "91.3 | BBC Radio 3 (Classical)",
                    "URL": "http://opml.radiotime.com/Tune.ashx?id=s24941&partnerId=yvcOjvJP&username=petehoyle",
                    "bitrate": "48",
                    "reliability": "95",
                    "guide_id": "s24941",
                    "subtext": "Sound of Cinema",
                    "genre_id": "g5",
                    "formats": "wma",
                    "show_id": "p545872",
                    "item": "station",
                    "image": "http://d1i6vahw24eb07.cloudfront.net/s24941q.png",
                    "current_track": "Sound of Cinema",
                    "now_playing_id": "s24941",
                    "preset_number": "12",
                    "preset_id": "s24941",
                    "is_preset": "true"
                },
                {
                    "element": "outline",
                    "type": "audio",
                    "text": "93.0 | BBC Radio 4 (National News)",
                    "URL": "http://opml.radiotime.com/Tune.ashx?id=s83461&partnerId=yvcOjvJP&username=petehoyle",
                    "bitrate": "48",
                    "reliability": "96",
                    "guide_id": "s83461",
                    "subtext": "Woman's Hour",
                    "genre_id": "g3124",
                    "formats": "wma",
                    "show_id": "p657",
                    "item": "station",
                    "image": "http://d1i6vahw24eb07.cloudfront.net/s25419q.png",
                    "current_track": "Woman's Hour",
                    "now_playing_id": "s83461",
                    "preset_number": "13",
                    "preset_id": "s83461",
                    "is_preset": "true"
                },
                {
                    "element": "outline",
                    "type": "audio",
                    "text": "BBC Radio 4 Extra (Comedy)",
                    "URL": "http://opml.radiotime.com/Tune.ashx?id=s6839&partnerId=yvcOjvJP&username=petehoyle",
                    "bitrate": "48",
                    "reliability": "95",
                    "guide_id": "s6839",
                    "subtext": "John Wyndham - The Kraken Wakes",
                    "genre_id": "g209",
                    "formats": "wma",
                    "show_id": "p587842",
                    "item": "station",
                    "image": "http://d1i6vahw24eb07.cloudfront.net/s6839q.png",
                    "current_track": "John Wyndham - The Kraken Wakes",
                    "now_playing_id": "s6839",
                    "preset_number": "14",
                    "preset_id": "s6839",
                    "is_preset": "true"
                },
                {
                    "element": "outline",
                    "type": "audio",
                    "text": "909 | BBC Radio 5 live (Sports Talk)",
                    "URL": "http://opml.radiotime.com/Tune.ashx?id=s24943&partnerId=yvcOjvJP&username=petehoyle",
                    "bitrate": "48",
                    "reliability": "94",
                    "guide_id": "s24943",
                    "subtext": "5 Live Sport",
                    "genre_id": "g2723",
                    "formats": "wma",
                    "show_id": "p857",
                    "item": "station",
                    "image": "http://d1i6vahw24eb07.cloudfront.net/s24943q.png",
                    "current_track": "5 Live Sport",
                    "now_playing_id": "s24943",
                    "preset_number": "15",
                    "preset_id": "s24943",
                    "is_preset": "true"
                },
                {
                    "element": "outline",
                    "type": "audio",
                    "text": "BBC Radio 5 live sports extra (Sports)",
                    "URL": "http://opml.radiotime.com/Tune.ashx?id=s50459&partnerId=yvcOjvJP&username=petehoyle",
                    "bitrate": "48",
                    "reliability": "92",
                    "guide_id": "s50459",
                    "subtext": "Cricket",
                    "genre_id": "g323",
                    "formats": "wma",
                    "show_id": "p50640",
                    "item": "station",
                    "image": "http://d1i6vahw24eb07.cloudfront.net/s50459q.png",
                    "current_track": "Cricket",
                    "now_playing_id": "s50459",
                    "preset_number": "16",
                    "preset_id": "s50459",
                    "is_preset": "true"
                },
                {
                    "element": "outline",
                    "type": "audio",
                    "text": "BBC Radio 6 Music (AAA)",
                    "URL": "http://opml.radiotime.com/Tune.ashx?id=s44491&partnerId=yvcOjvJP&username=petehoyle",
                    "bitrate": "48",
                    "reliability": "95",
                    "guide_id": "s44491",
                    "subtext": "Gilles Peterson",
                    "genre_id": "g111",
                    "formats": "wma",
                    "show_id": "p410583",
                    "item": "station",
                    "image": "http://d1i6vahw24eb07.cloudfront.net/s44491q.png",
                    "current_track": "Gilles Peterson",
                    "now_playing_id": "s44491",
                    "preset_number": "17",
                    "preset_id": "s44491",
                    "is_preset": "true"
                },
                {
                    "element": "outline",
                    "type": "audio",
                    "text": "BBC World Service (World News)",
                    "URL": "http://opml.radiotime.com/Tune.ashx?id=s50646&partnerId=yvcOjvJP&username=petehoyle",
                    "bitrate": "32",
                    "reliability": "98",
                    "guide_id": "s50646",
                    "subtext": "Sportsworld",
                    "genre_id": "g3125",
                    "formats": "mp3,wma",
                    "show_id": "p698",
                    "item": "station",
                    "image": "http://d1i6vahw24eb07.cloudfront.net/s50646q.png",
                    "current_track": "Sportsworld",
                    "now_playing_id": "s50646",
                    "preset_number": "18",
                    "preset_id": "s50646",
                    "is_preset": "true"
                },
                {
                    "element": "outline",
                    "type": "audio",
                    "text": "95.1 | BBC Manchester (Community)",
                    "URL": "http://opml.radiotime.com/Tune.ashx?id=s18214&partnerId=yvcOjvJP&username=petehoyle",
                    "bitrate": "48",
                    "reliability": "98",
                    "guide_id": "s18214",
                    "subtext": "Manchester Sports",
                    "genre_id": "g249",
                    "formats": "wma",
                    "show_id": "p195979",
                    "item": "station",
                    "image": "http://d1i6vahw24eb07.cloudfront.net/s18214q.png",
                    "current_track": "Manchester Sports",
                    "now_playing_id": "s18214",
                    "preset_number": "19",
                    "preset_id": "s18214",
                    "is_preset": "true"
                },
                {
                    "element": "outline",
                    "type": "audio",
                    "text": "1107 | talkSPORT (Sports Talk)",
                    "URL": "http://opml.radiotime.com/Tune.ashx?id=s46580&partnerId=yvcOjvJP&username=petehoyle",
                    "bitrate": "32",
                    "reliability": "99",
                    "guide_id": "s46580",
                    "subtext": "Matchday Live",
                    "genre_id": "g2723",
                    "formats": "mp3",
                    "show_id": "p377114",
                    "item": "station",
                    "image": "http://d1i6vahw24eb07.cloudfront.net/s17077q.png",
                    "current_track": "Matchday Live",
                    "now_playing_id": "s46580",
                    "preset_number": "20",
                    "preset_id": "s46580",
                    "is_preset": "true"
                },
                {
                    "element": "outline",
                    "type": "audio",
                    "text": "100.9 | Classic FM (Classical)",
                    "URL": "http://opml.radiotime.com/Tune.ashx?id=s8439&partnerId=yvcOjvJP&username=petehoyle",
                    "bitrate": "128",
                    "reliability": "98",
                    "guide_id": "s8439",
                    "subtext": "Jamie Crick",
                    "genre_id": "g5",
                    "formats": "mp3",
                    "show_id": "p54600",
                    "item": "station",
                    "image": "http://d1i6vahw24eb07.cloudfront.net/s8439q.png",
                    "current_track": "Jamie Crick",
                    "now_playing_id": "s8439",
                    "preset_number": "21",
                    "preset_id": "s8439",
                    "is_preset": "true"
                },
                {
                    "element": "outline",
                    "type": "audio",
                    "text": "Absolute Classic Rock (Classic Rock)",
                    "URL": "http://opml.radiotime.com/Tune.ashx?id=s49815&partnerId=yvcOjvJP&username=petehoyle",
                    "bitrate": "128",
                    "reliability": "99",
                    "guide_id": "s49815",
                    "subtext": "Absolute Classic Rock",
                    "genre_id": "g54",
                    "formats": "mp3",
                    "show_id": "p149848",
                    "item": "station",
                    "image": "http://d1i6vahw24eb07.cloudfront.net/s49815q.png",
                    "current_track": "Absolute Classic Rock",
                    "now_playing_id": "s49815",
                    "preset_number": "22",
                    "preset_id": "s49815",
                    "is_preset": "true"
                },
                {
                    "element": "outline",
                    "type": "audio",
                    "text": "Steve Penk Windup Channel (Spoken)",
                    "URL": "http://opml.radiotime.com/Tune.ashx?id=s114215&partnerId=yvcOjvJP&username=petehoyle",
                    "bitrate": "64",
                    "reliability": "10",
                    "guide_id": "s114215",
                    "subtext": "Steve Penk Windup Channel...",
                    "genre_id": "g2",
                    "formats": "mp3",
                    "item": "station",
                    "image": "http://d1i6vahw24eb07.cloudfront.net/s114215q.png",
                    "now_playing_id": "s114215",
                    "preset_number": "23",
                    "preset_id": "s114215",
                    "is_preset": "true"
                },
                {
                    "element": "outline",
                    "type": "audio",
                    "text": "103.0 | Key 103 (Top 40/Pop)",
                    "URL": "http://opml.radiotime.com/Tune.ashx?id=s6910&partnerId=yvcOjvJP&username=petehoyle",
                    "bitrate": "48",
                    "reliability": "83",
                    "guide_id": "s6910",
                    "subtext": "Number 1 for Manchester. Your Music - Your Life.",
                    "genre_id": "g61",
                    "formats": "mp3",
                    "item": "station",
                    "image": "http://d1i6vahw24eb07.cloudfront.net/s6910q.png",
                    "now_playing_id": "s6910",
                    "preset_number": "24",
                    "preset_id": "s6910",
                    "is_preset": "true"
                },
                {
                    "element": "outline",
                    "type": "audio",
                    "text": "Absolute Radio 60s (60's)",
                    "URL": "http://opml.radiotime.com/Tune.ashx?id=s150147&partnerId=yvcOjvJP&username=petehoyle",
                    "bitrate": "128",
                    "reliability": "95",
                    "guide_id": "s150147",
                    "subtext": "Non-stop '60s Music",
                    "genre_id": "g407",
                    "formats": "mp3",
                    "show_id": "p369233",
                    "item": "station",
                    "image": "http://d1i6vahw24eb07.cloudfront.net/s150147q.png",
                    "current_track": "Non-stop '60s Music",
                    "now_playing_id": "s150147",
                    "preset_number": "25",
                    "preset_id": "s150147",
                    "is_preset": "true"
                },
                {
                    "element": "outline",
                    "type": "audio",
                    "text": "Absolute Radio 70s (70's)",
                    "URL": "http://opml.radiotime.com/Tune.ashx?id=s150148&partnerId=yvcOjvJP&username=petehoyle",
                    "bitrate": "128",
                    "reliability": "96",
                    "guide_id": "s150148",
                    "subtext": "Non-stop '70s Music",
                    "genre_id": "g92",
                    "formats": "mp3",
                    "show_id": "p369677",
                    "item": "station",
                    "image": "http://d1i6vahw24eb07.cloudfront.net/s150148q.png",
                    "current_track": "Non-stop '70s Music",
                    "now_playing_id": "s150148",
                    "preset_number": "26",
                    "preset_id": "s150148",
                    "is_preset": "true"
                },
                {
                    "element": "outline",
                    "type": "audio",
                    "text": "Absolute 80s (80's)",
                    "URL": "http://opml.radiotime.com/Tune.ashx?id=s117787&partnerId=yvcOjvJP&username=petehoyle",
                    "bitrate": "128",
                    "reliability": "97",
                    "guide_id": "s117787",
                    "subtext": "Leona Graham",
                    "genre_id": "g42",
                    "formats": "mp3",
                    "show_id": "p137103",
                    "item": "station",
                    "image": "http://d1i6vahw24eb07.cloudfront.net/s117787q.png",
                    "current_track": "Leona Graham",
                    "now_playing_id": "s117787",
                    "preset_number": "27",
                    "preset_id": "s117787",
                    "is_preset": "true"
                },
                {
                    "element": "outline",
                    "type": "audio",
                    "text": "Absolute Radio 90s (90's)",
                    "URL": "http://opml.radiotime.com/Tune.ashx?id=s126362&partnerId=yvcOjvJP&username=petehoyle",
                    "bitrate": "128",
                    "reliability": "98",
                    "guide_id": "s126362",
                    "subtext": "Vicki Blight",
                    "genre_id": "g2677",
                    "formats": "mp3",
                    "show_id": "p245082",
                    "item": "station",
                    "image": "http://d1i6vahw24eb07.cloudfront.net/s126362q.png",
                    "current_track": "Vicki Blight",
                    "now_playing_id": "s126362",
                    "preset_number": "28",
                    "preset_id": "s126362",
                    "is_preset": "true"
                },
                {
                    "element": "outline",
                    "type": "audio",
                    "text": "Absolute Radio 00s (00's)",
                    "URL": "http://opml.radiotime.com/Tune.ashx?id=s131272&partnerId=yvcOjvJP&username=petehoyle",
                    "bitrate": "128",
                    "reliability": "96",
                    "guide_id": "s131272",
                    "subtext": "Non Stop Noughties",
                    "genre_id": "g2754",
                    "formats": "mp3",
                    "show_id": "p276666",
                    "item": "station",
                    "image": "http://d1i6vahw24eb07.cloudfront.net/s131272q.png",
                    "current_track": "Non Stop Noughties",
                    "now_playing_id": "s131272",
                    "preset_number": "29",
                    "preset_id": "s131272",
                    "is_preset": "true"
                },
                {
                    "element": "outline",
                    "type": "audio",
                    "text": "181.FM Beatles (60's)",
                    "URL": "http://opml.radiotime.com/Tune.ashx?id=s113658&partnerId=yvcOjvJP&username=petehoyle",
                    "bitrate": "128",
                    "reliability": "98",
                    "guide_id": "s113658",
                    "subtext": "The Beatles - Do You Want To Know A Secret",
                    "genre_id": "g407",
                    "formats": "mp3,wma",
                    "playing": "The Beatles - Do You Want To Know A Secret",
                    "playing_image": "http://d3tybumvrk5xfv.cloudfront.net/gn/K2P4QX1XZJd.jpg",
                    "item": "station",
                    "image": "http://d1i6vahw24eb07.cloudfront.net/s113658q.png",
                    "now_playing_id": "s113658",
                    "preset_number": "31",
                    "preset_id": "s113658",
                    "is_preset": "true"
                },
                {
                    "element": "outline",
                    "type": "audio",
                    "text": "Ministry of Sound Radio (Electronic and Dance)",
                    "URL": "http://opml.radiotime.com/Tune.ashx?id=s2262&partnerId=yvcOjvJP&username=petehoyle",
                    "bitrate": "56",
                    "reliability": "90",
                    "guide_id": "s2262",
                    "subtext": "The Mix",
                    "genre_id": "g59",
                    "formats": "mp3",
                    "show_id": "p476252",
                    "item": "station",
                    "image": "http://d1i6vahw24eb07.cloudfront.net/s2262q.png",
                    "current_track": "The Mix",
                    "now_playing_id": "s2262",
                    "preset_number": "32",
                    "preset_id": "s2262",
                    "is_preset": "true"
                },
                {
                    "element": "outline",
                    "type": "audio",
                    "text": "100.0 | KISS FM UK (Top 40/Pop)",
                    "URL": "http://opml.radiotime.com/Tune.ashx?id=s6004&partnerId=yvcOjvJP&username=petehoyle",
                    "bitrate": "48",
                    "reliability": "88",
                    "guide_id": "s6004",
                    "subtext": "The Beat of The UK",
                    "genre_id": "g61",
                    "formats": "mp3",
                    "item": "station",
                    "image": "http://d1i6vahw24eb07.cloudfront.net/s6004q.png",
                    "now_playing_id": "s6004",
                    "preset_number": "33",
                    "preset_id": "s6004",
                    "is_preset": "true"
                },
                {
                    "element": "outline",
                    "type": "audio",
                    "text": "198 | BBC Radio 4 LW (Public Radio)",
                    "URL": "http://opml.radiotime.com/Tune.ashx?id=s50577&partnerId=yvcOjvJP&username=petehoyle",
                    "bitrate": "48",
                    "reliability": "96",
                    "guide_id": "s50577",
                    "subtext": "Woman's Hour",
                    "genre_id": "g266",
                    "formats": "wma",
                    "show_id": "p657",
                    "item": "station",
                    "image": "http://d1i6vahw24eb07.cloudfront.net/s50577q.png",
                    "current_track": "Woman's Hour",
                    "now_playing_id": "s50577",
                    "preset_number": "34",
                    "preset_id": "s50577",
                    "is_preset": "true"
                }
            ]
        }
    ]
}